{
  "posts_today": [
    1772205380.483625,
    1772205694.638058,
    1772206152.151032,
    1772213631.916515
  ],
  "replies_today": [],
  "threads_this_week": [],
  "last_post_time": 1772213631.916515,
  "state_date": "2026-02-27",
  "posts_today_by_platform": {
    "mastodon": [
      1772205380.483625
    ],
    "bluesky": [
      1772205694.638058
    ],
    "twitter": [
      1772206152.151032
    ],
    "mastodon_techhub": [
      1772213631.916515
    ]
  }
}