{
  "posts_today": [
    1772205380.483625,
    1772205694.638058,
    1772206152.151032
  ],
  "replies_today": [],
  "threads_this_week": [],
  "last_post_time": 1772206152.151032,
  "state_date": "2026-02-27"
}