{
  "posts_today": [
    1771802894.8376389
  ],
  "replies_today": [],
  "threads_this_week": [],
  "last_post_time": 1771802894.8376389,
  "state_date": "2026-02-22"
}